fam,player_id,player_name,sch,score,state,stu,tch,tec,zdone
0.2,641681765,Fede_Mor,0.1,-1.3774814776283921,FRA,0.1,0.2,0.4,1
0.0,1966555797,Giuliamzz,0.3,-1.6594281559548358,DNK,0.4,0.0,0.3,1
0.09999999999999999,766766425,MarcoDamilano,0.0,0.24140116195458194,ESP,0.19999999999999998,0.19999999999999998,0.5000000000000001,1
