fam,player_id,player_name,sch,score,state,stu,tch,tec,zdone
9.999999999999998,766766425,MarcoDamilano,0.0,0.24140116195458194,ESP,19.999999999999996,19.999999999999996,50.00000000000001,1
52.02312138728323,723110319,eTTore00000,5.780346820809248,0.0,POL,7.514450867052023,11.560693641618496,23.12138728323699,1
0.0,641681765,Fede_Mor,0.0,0.013468538415264852,SVN,0.0,0.0,100.0,1
0.0,1966555797,Giuliamzz,30.0,-1.6594281559548358,DNK,40.0,0.0,30.0,1
