clt,fam,player_id,player_name,psi,sch,score,state,tch,tec
0.746743,94217,0.127399,Gio,0.900642,0.80531,0.0604777,0.875318,0.303985,0.3539
0.135072,93001,0.810958,Fed,0.175845,0.491941,0.192081,0.646872,0.335245,0.0959033
0.824435,360552,0.562942,Ste,0.128202,0.147769,0.315879,0.930416,0.734017,0.0250625
0.865851,584772,0.159526,Ett,0.983242,0.0266124,0.27895,0.406717,0.613448,0.871363
0.99158,634911,0.978582,Giu,0.899149,0.663595,0.749185,0.4408,0.74557,0.752655
0.619593,616047,0.0960964,Bea,0.0897883,0.555209,0.535069,0.0422472,0.342019,0.673974
0.664687,522728,0.59223,Mar,0.437064,0.0381642,0.153338,0.37897,0.61254,0.322724
0.539833,855408,0.170867,Pippo,0.892029,0.754878,0.697812,0.680763,0.158146,0.71137
0.844601,319811,0.781788,Pluto,0.0273415,0.785877,0.544779,0.0877303,0.136174,0.799635
