fam,player_id,player_name,sch,score,state,stu,tch,tec,zdone
0.2,641681765,Fede_Mor,0.1,995.2991438017589,FRA,0.1,0.2,0.4,1
0.0,1966555797,Giuliamzz,0.3,967.1044759691146,DNK,0.4,0.0,0.3,1
0.10000000000000002,766766425,MarcoDamilano,0.0,1157.1874077600562,ESP,0.20000000000000004,0.20000000000000004,0.5000000000000001,0
