fam,player_id,player_name,sch,score,state,stu,tch,tec,zdone
0.0,641681765,Fede_Mor,0.1724137931034483,-1.5243554235967274,ESP,0.0,0.5689655172413793,0.25862068965517243,0
