fam,player_id,player_name,sch,score,state,stu,tch,tec,zdone
0.0,641681765,Fede_Mor,0.0,1.2428438271576672,ESP,40.0,40.0,20.0,1
0.0,766766425,MarcoDamilano,0.0,1.9161734674770585,ESP,50.0,50.0,0.0,1
0.0,1966555797,Giuliamzz,0.0,-0.006042472237690888,SVK,33.333333333333336,33.333333333333336,33.333333333333336,1
