fam,player_id,player_name,sch,score,state,stu,tch,tec,zdone
0.09999999999999999,766766425,MarcoDamilano,0.0,0.24140116195458194,ESP,0.19999999999999998,0.19999999999999998,0.5000000000000001,1
0.5202312138728323,723110319,eTTore00000,0.057803468208092484,0.0,POL,0.07514450867052024,0.11560693641618497,0.23121387283236994,1
38.0,641681765,Fede_Mor,10.0,-1.3355153833777618,FRA,2.0,30.0,20.0,1
0.0,1966555797,Giuliamzz,0.3,-1.6594281559548358,DNK,0.4,0.0,0.3,1
