fam,player_id,player_name,sch,score,state,stu,tch,tec,zdone
0.09999999999999999,766766425,MarcoDamilano,0.0,0.24140116195458194,ESP,0.19999999999999998,0.19999999999999998,0.5000000000000001,1
0.17,641681765,Fede_Mor,0.18,-1.3355153833777618,FRA,0.13,0.16,0.36,1
0.0,1966555797,Giuliamzz,0.3,-1.6594281559548358,DNK,0.4,0.0,0.3,1
